<dependencies>
  <unityversion>8.1.0</unityversion>

  <androidPackages>
    <androidPackage spec="com.ironsource.sdk:mediationsdk:8.1.0">
      <repositories>
        <repository>https://android-sdk.is.com/</repository>
      </repositories>
    </androidPackage>
  </androidPackages>

  <androidPackages>
    <androidPackage spec="com.google.android.gms:play-services-ads-identifier:18.0.1">
      <repositories>
        <repository>https://maven.google.com/</repository>
      </repositories>
    </androidPackage>
  </androidPackages>

     <androidPackages>
    <androidPackage spec="com.google.android.gms:play-services-basement:18.1.0">
      <repositories>
        <repository>https://maven.google.com/</repository>
      </repositories>
    </androidPackage>
  </androidPackages>

  <iosPods>
    <iosPod name="IronSourceSDK" version="8.1.0.0">
      <sources>
        <source>https://github.com/CocoaPods/Specs</source>
      </sources>
    </iosPod>
  </iosPods>
</dependencies>
