<?xml version="1.0" encoding="utf-8"?>
<projectSettings>
  <projectSetting name="com.google.external-dependency-managerAnalyticsCookie" value="f154cdda461b426d81af986b18ac3e39" />
  <projectSetting name="com.google.external-dependency-managerAnalyticsEnabled" value="True" />
  <projectSetting name="Google.PackageManagerResolver.VerboseLoggingEnabled" value="False" />
  <projectSetting name="Google.VersionHandler.VerboseLoggingEnabled" value="True" />
  <projectSetting name="Google.VersionHandler.VersionHandlingEnabled" value="True" />
  <projectSetting name="GooglePlayServices.AndroidPackageInstallationEnabled" value="True" />
  <projectSetting name="GooglePlayServices.AutoResolutionDisabledWarning" value="False" />
  <projectSetting name="GooglePlayServices.AutoResolveOnBuild" value="False" />
  <projectSetting name="GooglePlayServices.AutoResolverEnabled" value="False" />
  <projectSetting name="GooglePlayServices.ExplodeAars" value="True" />
  <projectSetting name="GooglePlayServices.PatchAndroidManifest" value="True" />
  <projectSetting name="GooglePlayServices.PatchMainTemplateGradle" value="False" />
  <projectSetting name="GooglePlayServices.PromptBeforeAutoResolution" value="True" />
  <projectSetting name="GooglePlayServices.UseGradleDaemon" value="True" />
  <projectSetting name="GooglePlayServices.UseJetifier" value="True" />
  <projectSetting name="GooglePlayServices.VerboseLogging" value="False" />
</projectSettings>