{"appleSKU":"","appleTeamID":"","enableCodelessAutoInitialization":false,"enableUnityGamingServicesAutoInitialization":false,"products":[{"id":"com.phong.streetracing2d.coin100","type":0,"storeIDs":[],"defaultDescription":{"googleLocale":4,"title":"100 coins","description":"Give the player 100 coins"},"screenshotPath":"","applePriceTier":1,"googlePrice":{"data":[99,0,0,131072],"num":0.99},"pricingTemplateID":"","descriptions":[],"udpPrice":{"data":[0,0,0,0],"num":0.0},"payouts":[]},{"id":"com.phong.streetracing2d.coin999","type":0,"storeIDs":[],"defaultDescription":{"googleLocale":4,"title":"999 coins","description":"Give the player 999 coins"},"screenshotPath":"","applePriceTier":5,"googlePrice":{"data":[499,0,0,131072],"num":4.99},"pricingTemplateID":"","descriptions":[],"udpPrice":{"data":[0,0,0,0],"num":0.0},"payouts":[]},{"id":"com.phong.streetracing2d.noads","type":1,"storeIDs":[],"defaultDescription":{"googleLocale":4,"title":"No ads","description":"No ads"},"screenshotPath":"","applePriceTier":2,"googlePrice":{"data":[199,0,0,131072],"num":1.99},"pricingTemplateID":"","descriptions":[],"udpPrice":{"data":[0,0,0,0],"num":0.0},"payouts":[]}]}